title,category,tags,views,featured
Better SEO URL,info,web-development|mindmap,350,n
Jekyll setup with VScode container,tutorial,web-development|github|bitbucket,85,n
Fast XML Parser v4.2 features,info,opensource|npm,1230,n
Story of Kungfu Java Valley,tutorial,java|story-telling,780,y
Story of Kungfu Java Valley - Explanation,tutorial,java|story-telling,310,n
Chapter 2: The Preparation of Battle,tutorial,java|story-telling,640,y
Amir Wishu Sehgal cafe: The story of opportunities,tutorial,aws|story-telling|clouds,1331,y
Python List - Quick Reference,tutorial,python,14,n
Python Method - Quick Reference,tutorial,python,,n
System Design to secure OTP from Eavesdropping Apps,philosophy,system-design,78,y
